,b_max,a_max,a_min,L_median,maturity
2018-05-19 19:19:00,202,163,112,229.0,C
2018-05-19 19:49:08,203,163,112,229.0,C
2018-05-19 20:19:18,204,164,113,229.0,C
2018-05-19 20:49:28,206,165,113,229.0,C
2018-05-19 21:19:38,205,163,112,229.0,C
2018-05-19 21:49:47,205,162,113,227.0,C
2018-05-19 22:19:56,207,162,112,229.0,C
2018-05-19 22:50:06,204,164,112,229.0,C
2018-05-19 23:20:16,203,161,112,229.0,C
2018-05-19 23:50:25,204,162,112,229.0,C
2018-05-20 00:20:34,203,162,112,228.0,C
2018-05-20 00:50:44,204,162,112,230.0,C
2018-05-20 01:20:53,203,164,112,228.0,C
2018-05-20 01:51:02,203,166,113,229.0,C
2018-05-20 02:21:12,204,163,112,229.0,C
2018-05-20 02:51:21,203,163,112,229.0,C
2018-05-20 03:21:30,205,161,112,227.0,C
2018-05-20 03:51:39,204,162,112,229.0,C
2018-05-20 04:21:49,202,164,112,229.0,C
2018-05-20 04:51:58,204,164,112,229.0,C
2018-05-20 05:22:07,203,164,113,230.0,C
2018-05-20 05:52:17,202,161,113,228.0,C
2018-05-20 06:22:26,202,163,112,229.0,C
2018-05-20 06:38:26,195,146,96,193.0,A
2018-05-20 06:38:27,193,147,97,192.0,A
2018-05-20 07:08:37,187,151,97,195.0,A
2018-05-20 06:38:25,184,138,95,197.0,A
2018-05-20 06:38:26,184,143,98,196.0,A
2018-05-20 07:08:35,187,143,94,208.0,A
2018-05-20 07:38:44,188,144,90,210.0,A
2018-05-20 08:08:54,188,144,93,210.0,A
2018-05-20 08:39:04,188,146,94,210.0,A
2018-05-20 09:09:12,186,142,91,208.0,A
2018-05-20 09:39:21,187,144,90,208.0,A
2018-05-20 10:09:30,188,143,96,210.0,A
2018-05-20 10:39:38,187,146,93,210.0,A
2018-05-20 11:09:47,188,143,94,208.0,A
2018-05-20 11:39:55,187,145,91,208.0,A
2018-05-20 12:10:04,193,144,94,208.0,A
2018-05-20 12:40:13,189,150,94,210.0,A
2018-05-20 13:10:21,190,141,94,210.0,A
2018-05-20 13:40:30,187,141,94,210.0,A
2018-05-20 14:10:39,186,144,96,208.0,A
2018-05-20 14:40:48,187,143,95,208.0,A
2018-05-20 15:10:58,190,140,90,210.0,A
2018-05-21 04:43:38,189,145,91,210.0,A
2018-05-21 05:13:47,186,143,88,208.0,A
2018-05-21 05:43:56,188,144,95,208.0,A
2018-05-21 06:14:06,189,142,94,210.0,A
2018-05-21 06:44:15,188,143,98,209.0,A
2018-05-21 07:14:25,187,142,93,210.0,A
2018-05-21 07:44:33,188,153,89,20.0,A
2018-05-21 08:14:42,188,141,90,208.0,A
2018-05-21 08:44:51,189,144,91,210.0,A
2018-05-21 09:15:02,187,143,93,210.0,A
2018-05-21 09:45:10,186,146,91,208.0,A
2018-05-21 10:15:19,188,144,92,210.0,A
2018-05-21 10:45:28,189,144,95,210.0,A
2018-05-21 11:15:37,182,144,94,196.0,A
2018-05-21 11:45:46,185,146,93,198.0,A
2018-05-21 12:15:56,188,147,96,205.0,A
2018-05-21 12:46:05,189,146,96,210.0,A
2018-05-21 13:16:15,193,146,96,209.0,A
2018-05-21 13:46:24,188,147,96,210.0,A
2018-05-21 14:16:35,185,149,96,194.0,A
2018-05-21 14:46:44,188,146,98,202.0,A
2018-05-21 15:16:53,192,145,98,204.0,A
2018-05-21 15:47:02,190,145,95,204.0,A
2018-05-21 16:17:11,188,147,92,207.0,A
2018-05-21 16:47:21,190,147,95,206.0,A
2018-05-21 17:17:30,190,144,92,207.0,A
2018-05-21 17:47:40,191,144,94,207.0,A
2018-05-21 18:17:48,189,146,95,206.0,A
2018-05-21 18:47:57,191,146,96,207.0,A
2018-05-21 19:18:07,193,145,94,207.0,A
2018-05-21 19:48:16,189,147,93,207.0,A
2018-05-21 20:18:25,191,145,95,207.0,A
2018-05-21 20:48:35,191,145,94,207.0,A
2018-05-21 21:18:45,191,148,94,207.0,A
2018-05-21 21:48:55,189,148,95,207.0,A
2018-05-21 22:19:04,189,143,94,207.0,A
2018-05-21 22:49:13,193,146,96,207.0,A
2018-05-21 23:19:22,192,145,97,207.0,A
2018-05-21 23:49:33,192,144,92,207.0,A
2018-05-22 00:19:41,194,144,97,207.0,A
2018-05-22 00:49:51,191,145,93,207.0,A
2018-05-22 01:20:00,191,142,96,208.0,A
2018-05-22 01:50:09,191,145,93,207.0,A
2018-05-22 02:20:19,192,147,95,208.0,A
2018-05-22 02:50:29,196,142,96,206.0,A
2018-05-22 03:20:40,192,146,97,207.0,A
2018-05-22 03:50:49,190,145,97,207.0,A
2018-05-22 04:20:59,192,146,94,207.0,A
2018-05-22 04:51:08,193,145,95,208.0,A
2018-05-22 05:21:18,194,144,94,207.0,A
2018-05-22 05:51:28,192,147,93,208.0,A
2018-05-22 06:21:37,191,143,95,208.0,A
2018-05-22 06:51:46,194,144,98,208.0,A
2018-05-22 07:21:56,194,142,97,209.0,A
2018-05-22 07:52:05,193,141,95,208.0,A
2018-05-22 08:22:15,187,147,96,195.0,A
2018-05-22 08:52:24,193,148,98,205.0,A
2018-05-22 09:22:34,189,146,97,206.0,A
2018-05-22 09:52:42,190,148,99,210.0,A
2018-05-22 10:22:52,195,148,99,209.0,A
2018-05-22 10:53:01,188,150,99,209.0,A
2018-05-22 11:23:10,190,147,98,209.0,A
2018-05-22 11:53:19,195,155,98,208.0,A
2018-05-22 12:23:29,200,146,98,209.0,A
2018-05-22 12:53:39,188,148,96,209.0,A
2018-05-22 13:23:48,188,149,96,211.0,A
2018-05-22 13:53:58,189,152,97,210.0,A
2018-05-22 14:24:07,190,144,100,209.0,A
2018-05-22 14:54:16,192,149,97,209.0,A
2018-05-22 15:24:25,194,146,99,209.0,A
2018-05-22 15:54:34,189,149,100,210.0,A
2018-05-22 16:24:44,184,146,99,196.0,A
2018-05-22 16:54:53,190,147,98,196.0,A
2018-05-22 17:25:03,191,153,97,212.0,A
2018-05-22 17:55:13,193,151,100,212.0,A
2018-05-22 18:25:22,193,148,101,212.0,A
2018-05-22 18:55:31,189,150,101,212.0,A
2018-05-22 19:25:40,192,150,99,212.0,A
2018-05-22 19:55:49,191,147,99,212.0,A
2018-05-22 20:25:58,195,150,98,213.0,A
2018-05-22 20:56:08,192,148,92,211.0,A
2018-05-22 21:26:17,189,149,97,211.0,A
2018-05-22 21:56:25,194,148,101,212.0,A
2018-05-22 22:26:34,201,149,100,212.0,A
2018-05-22 22:56:44,192,152,98,213.0,A
2018-05-22 23:26:53,194,147,100,213.0,A
2018-05-22 23:57:02,192,154,101,213.0,A
2018-05-23 00:27:11,193,155,98,211.0,A
2018-05-23 00:57:20,192,150,99,214.0,A
2018-05-23 01:27:29,192,148,99,213.0,A
2018-05-23 01:57:39,193,150,101,214.0,A
2018-05-23 02:27:48,193,146,100,212.0,A
2018-05-23 02:57:56,194,150,103,214.0,A
2018-05-23 03:28:05,193,145,100,212.0,A
2018-05-23 03:58:15,193,149,101,214.0,A
2018-05-23 04:28:24,194,148,99,214.0,A
2018-05-23 04:58:33,192,145,101,215.0,A
2018-05-23 05:28:43,195,147,100,214.0,A
2018-05-23 05:58:51,196,152,101,214.0,A
2018-05-23 06:29:00,198,151,99,214.0,A
2018-05-23 06:59:09,193,151,101,215.0,A
2018-05-23 07:29:18,195,145,97,214.0,A
2018-05-23 07:59:27,187,153,97,201.0,A
2018-05-23 08:29:36,193,151,103,211.0,A
2018-05-23 08:59:45,192,149,101,212.0,A
2018-05-23 09:29:54,198,145,101,215.0,A
2018-05-23 10:00:04,195,148,102,216.0,A
2018-05-23 10:30:13,194,146,102,215.0,A
2018-05-23 11:00:23,193,147,99,216.0,A
2018-05-23 11:30:32,194,147,101,214.0,A
2018-05-23 12:00:41,191,149,102,214.0,A
2018-05-23 12:30:51,193,148,101,215.0,A
2018-05-23 13:01:00,194,152,102,214.0,A
2018-05-23 13:31:09,194,149,103,217.0,A
2018-05-23 14:01:19,204,145,105,216.0,A
2018-05-23 14:31:28,192,146,104,216.0,A
2018-05-23 15:01:38,193,148,101,215.0,A
2018-05-23 15:31:47,193,148,99,216.0,A
2018-05-23 16:01:56,193,152,103,218.0,A
2018-05-23 16:32:05,186,151,102,204.0,A
2018-05-23 17:02:15,188,152,103,202.0,A
2018-05-23 17:32:24,187,152,100,206.0,A
2018-05-23 18:02:34,187,144,102,204.0,A
2018-05-23 18:32:43,194,145,100,220.0,A
2018-05-23 19:02:53,199,145,102,224.0,A
2018-05-23 19:33:02,194,147,101,224.0,A
2018-05-23 20:03:11,197,152,102,224.0,A
2018-05-23 20:33:20,195,153,101,223.0,A
2018-05-23 21:03:30,196,147,102,223.0,A
2018-05-23 21:33:40,197,150,104,225.0,A
2018-05-23 22:03:49,194,147,98,224.0,A
2018-05-23 22:33:58,195,149,104,225.0,A
2018-05-23 23:04:07,196,147,104,224.0,A
2018-05-23 23:34:17,193,145,103,225.0,A
2018-05-24 00:04:28,197,155,105,226.0,A
2018-05-24 00:34:37,196,150,104,225.0,A
2018-05-24 01:04:46,196,152,104,226.0,A
2018-05-24 01:34:55,196,148,104,226.0,A
2018-05-24 02:05:05,196,148,105,226.0,A
2018-05-24 02:35:14,195,147,103,227.0,A
2018-05-24 03:05:24,201,146,101,226.0,A
2018-05-24 03:35:34,198,147,103,227.0,A
2018-05-24 04:05:43,198,151,104,226.0,A
2018-05-24 04:35:52,196,149,98,226.0,A
2018-05-24 05:06:01,196,149,104,227.0,A
2018-05-24 05:36:10,195,148,104,227.0,A
2018-05-24 06:06:20,201,146,104,227.0,A
2018-05-24 06:36:28,199,147,104,228.0,A
2018-05-24 07:06:37,196,145,101,227.0,A
2018-05-24 07:36:45,197,149,100,227.0,A
2018-05-24 08:06:56,197,154,104,228.0,A
2018-05-24 08:37:05,200,148,104,227.0,A
2018-05-24 09:07:14,198,148,104,227.0,A
2018-05-24 09:37:24,198,149,105,228.0,A
2018-05-24 10:07:33,199,152,104,228.0,A
2018-05-24 10:37:42,200,146,104,229.0,A
2018-05-24 11:07:52,202,152,103,230.0,A
2018-05-24 11:38:02,201,146,104,229.0,A
2018-05-24 12:08:11,196,145,106,229.0,A
2018-05-24 12:38:20,197,154,106,229.0,A
2018-05-24 13:08:30,192,147,106,214.0,A
2018-05-24 13:38:40,199,152,103,225.0,A
2018-05-24 14:08:49,198,146,103,231.0,A
2018-05-24 14:38:58,199,152,104,232.0,A
2018-05-24 15:09:07,201,146,105,229.0,A
2018-05-24 15:39:16,198,149,103,231.0,A
2018-05-24 16:09:25,200,147,105,231.0,A
2018-05-24 16:39:36,201,147,104,230.0,A
2018-05-24 17:09:46,200,148,103,231.0,A
2018-05-24 17:39:54,201,151,107,231.0,A
2018-05-24 18:10:04,193,150,106,217.0,A
2018-05-24 18:40:14,202,165,109,224.0,B
2018-05-24 19:10:22,198,164,109,233.0,B
2018-05-24 19:40:32,200,158,108,233.0,B
2018-05-24 20:10:41,199,159,110,235.0,B
2018-05-24 20:40:50,200,163,109,234.0,B
2018-05-24 21:11:00,204,162,107,234.0,B
2018-05-24 21:41:09,205,159,109,234.0,B
2018-05-24 22:11:18,202,161,104,233.0,B
2018-05-24 22:41:27,200,159,107,235.0,B
2018-05-24 23:11:36,200,163,107,235.0,B
2018-05-24 23:41:46,203,157,108,234.0,B
2018-05-25 00:11:55,200,159,108,233.0,B
2018-05-25 00:42:04,203,161,110,234.0,B
2018-05-25 01:12:13,204,156,109,234.0,B
2018-05-25 01:42:22,202,162,106,234.0,B
2018-05-25 02:12:31,200,161,110,234.0,B
2018-05-25 02:42:41,201,163,109,236.0,B
2018-05-25 03:12:50,204,160,106,236.0,B
2018-05-25 03:42:59,200,160,111,236.0,B
2018-05-25 04:13:07,203,157,110,234.0,B
2018-05-25 04:43:16,201,166,112,234.0,B
2018-05-25 05:13:24,200,171,112,236.0,B
2018-05-25 05:43:33,201,159,111,235.0,B
2018-05-25 06:13:42,202,159,111,235.0,B
2018-05-25 06:43:51,202,164,109,235.0,B
2018-05-25 07:14:01,201,157,112,227.0,B
2018-05-25 07:44:10,203,156,111,226.0,B
2018-05-25 08:14:19,201,162,111,235.0,B
2018-05-25 08:44:29,200,160,108,235.0,B
2018-05-25 09:14:37,202,159,109,235.0,B
2018-05-25 09:44:47,201,159,109,235.0,B
2018-05-25 10:14:57,204,161,112,237.0,B
2018-05-25 10:45:06,201,161,111,228.0,B
2018-05-25 11:15:14,198,156,106,226.0,B
2018-05-25 11:45:24,201,157,111,226.0,B
2018-05-25 12:15:33,202,155,102,226.0,B
2018-05-25 12:45:42,201,164,109,232.0,B
2018-05-25 13:15:51,200,163,106,237.0,B
2018-05-25 13:46:00,202,163,113,236.0,B
2018-05-25 14:16:09,215,164,106,12.0,C
2018-05-25 14:46:19,207,162,110,236.0,C
2018-05-25 15:16:27,209,161,111,235.0,C
2018-05-25 15:46:35,210,164,111,236.0,C
2018-05-25 16:16:44,209,159,111,236.0,C
2018-05-25 16:46:53,214,162,111,235.0,C
2018-05-25 17:17:02,203,163,112,237.0,C
2018-05-25 17:47:11,200,167,113,237.0,C
2018-05-25 18:17:21,201,162,111,236.0,C
2018-05-25 18:47:30,201,160,112,238.0,C
2018-05-25 19:17:39,212,163,111,237.0,C
2018-05-25 19:47:48,211,162,111,237.0,C
2018-05-25 20:17:57,201,163,113,237.0,C
2018-05-25 20:48:06,202,162,113,238.0,C
2018-05-25 21:18:14,200,163,113,237.0,C
2018-05-25 21:48:23,211,163,111,236.0,C
2018-05-25 22:18:32,208,159,111,237.0,C
2018-05-25 22:48:42,207,167,110,237.0,C
2018-05-25 23:18:51,211,165,111,237.0,C
2018-05-25 23:49:00,210,163,111,237.0,C
2018-05-26 00:19:09,202,165,113,236.0,C
2018-05-26 00:49:18,204,160,113,237.0,C
2018-05-26 01:19:27,208,164,110,14.0,C
2018-05-26 01:49:36,208,161,111,236.0,C
2018-05-26 02:19:44,202,163,113,237.0,C
2018-05-26 02:49:53,205,161,113,237.0,C
2018-05-26 03:20:02,209,158,111,236.0,C
2018-05-26 03:50:12,210,164,112,236.0,C
2018-05-26 04:20:22,202,161,113,237.0,C
2018-05-26 04:50:31,202,161,109,236.0,C
2018-05-26 05:20:41,209,163,111,14.0,C
2018-05-26 05:50:51,208,160,110,237.0,C
2018-05-26 06:21:01,210,163,111,235.0,C
2018-05-26 06:51:10,208,161,111,236.0,C
2018-05-26 07:21:19,188,137,117,203.0,C
2018-05-26 07:51:28,204,161,113,232.0,C
2018-05-26 08:21:38,205,165,112,237.0,C
2018-05-26 08:51:49,205,166,112,237.0,C
2018-05-26 09:21:58,204,161,112,237.0,C
2018-05-26 09:52:08,206,165,113,236.0,C
2018-05-26 10:22:16,205,162,113,235.0,C
2018-05-26 10:52:25,205,165,112,235.0,C
2018-05-26 11:22:35,204,166,112,234.0,C
2018-05-26 11:52:44,205,163,113,236.0,C
2018-05-26 12:22:53,202,169,113,235.0,C
2018-05-26 12:53:02,206,164,112,237.0,C
2018-05-26 13:23:10,207,165,113,236.0,C
2018-05-26 13:53:19,204,163,113,237.0,C
2018-05-26 14:23:27,204,164,113,236.0,C
2018-05-26 14:53:36,205,162,113,235.0,C
2018-05-26 15:23:46,204,164,113,236.0,C
2018-05-26 15:53:55,202,164,113,235.0,C
2018-05-26 16:24:04,204,162,113,235.0,C
2018-05-26 16:54:14,202,166,113,235.0,C
2018-05-26 17:24:23,204,161,113,233.0,C
2018-05-26 17:54:31,185,137,118,191.0,C
2018-05-26 18:24:40,204,165,112,231.0,C
2018-05-26 18:54:49,205,161,113,235.0,C
2018-05-26 19:24:59,205,165,113,235.0,C
2018-05-26 19:55:08,207,164,113,234.0,C
2018-05-26 20:25:18,205,163,109,234.0,C
2018-05-26 20:55:27,206,163,113,233.0,C
2018-05-26 21:25:36,205,162,113,234.0,C
2018-05-26 21:55:45,205,166,113,235.0,C
2018-05-26 22:25:55,205,166,113,235.0,C
2018-05-26 22:56:04,203,167,113,235.0,C
2018-05-26 23:26:13,205,161,113,234.0,C
2018-05-26 23:56:22,206,164,113,234.0,C
2018-05-27 00:26:30,205,163,113,233.0,C
2018-05-27 00:56:40,203,162,113,232.0,C
2018-05-27 01:26:49,203,164,113,232.0,C
2018-05-27 01:56:58,204,165,113,232.0,C
2018-05-27 02:27:07,205,164,113,234.0,C
2018-05-27 02:57:17,204,166,113,233.0,C
2018-05-27 03:27:26,203,162,113,232.0,C
2018-05-27 03:57:36,205,163,113,232.0,C
2018-05-27 04:27:45,205,163,113,233.0,C
2018-05-27 04:57:53,203,161,113,233.0,C
2018-05-27 05:28:02,200,165,113,232.0,C
2018-05-27 05:58:11,203,162,113,234.0,C
2018-05-27 06:28:20,203,160,113,234.0,C
2018-06-03 17:23:30,180,147,100,179.0,A
2018-06-03 17:53:45,177,143,97,180.0,A
2018-06-03 18:23:54,182,144,96,190.0,A
2018-06-03 18:54:03,183,145,94,190.0,A
2018-06-03 19:24:13,184,144,95,187.0,A
2018-06-03 19:54:23,179,148,98,189.0,A
2018-06-03 20:24:32,183,147,98,189.0,A
2018-06-03 20:54:40,182,146,97,188.0,A
2018-06-03 21:24:49,182,141,95,189.0,A
2018-06-03 21:54:58,182,141,92,190.0,A
2018-06-03 22:25:07,187,146,94,188.0,A
2018-06-03 22:55:15,181,146,97,188.0,A
2018-06-03 23:25:25,183,141,96,190.0,A
2018-06-03 23:55:34,183,143,93,190.0,A
2018-06-04 00:25:43,190,144,96,188.0,A
2018-06-04 00:55:52,188,141,96,188.0,A
2018-06-04 01:26:02,182,146,95,190.0,A
2018-06-04 01:56:12,182,145,95,191.0,A
2018-06-04 02:26:22,183,141,96,188.0,A
2018-06-04 02:56:31,182,141,96,190.0,A
2018-06-04 03:26:40,184,142,95,191.0,A
2018-06-04 03:56:50,183,142,95,189.0,A
2018-06-04 04:26:59,183,143,95,189.0,A
2018-06-04 04:57:09,183,146,97,190.0,A
2018-06-04 05:27:17,181,150,96,191.0,A
2018-06-04 05:57:26,183,143,93,189.0,A
2018-06-04 06:27:35,181,142,97,189.0,A
2018-06-04 06:57:45,180,142,98,190.0,A
2018-06-04 07:27:55,182,147,97,191.0,A
2018-06-04 07:58:05,182,144,97,189.0,A
2018-06-04 08:28:14,183,141,97,190.0,A
2018-06-04 08:58:24,184,144,95,191.0,A
2018-06-04 09:28:33,182,142,96,188.0,A
2018-06-04 09:58:43,181,140,96,190.0,A
2018-06-04 10:28:51,182,143,99,189.0,A
2018-06-04 10:59:00,181,144,98,191.0,A
2018-06-04 11:29:10,183,140,95,188.0,A
2018-06-04 11:59:19,178,146,101,178.0,A
2018-06-04 12:29:28,181,145,96,188.0,A
2018-06-04 12:59:38,183,147,99,187.0,A
2018-06-04 13:29:47,180,147,98,187.0,A
2018-06-04 13:59:56,183,148,100,188.0,A
2018-06-04 14:30:05,181,146,100,188.0,A
2018-06-04 15:00:15,184,148,96,188.0,A
2018-06-04 15:30:24,183,144,97,187.0,A
2018-06-04 16:00:34,181,146,99,188.0,A
2018-06-04 16:30:43,181,145,98,188.0,A
2018-06-04 17:00:52,180,142,101,188.0,A
2018-06-04 17:31:01,182,147,98,187.0,A
2018-06-04 18:01:11,183,150,99,188.0,A
2018-06-04 18:31:20,182,148,99,188.0,A
2018-06-04 19:01:29,183,145,98,188.0,A
2018-06-04 19:31:40,186,144,97,188.0,A
2018-06-04 20:01:49,186,149,99,188.0,A
2018-06-04 20:31:58,182,148,98,188.0,A
2018-06-04 21:02:07,181,144,99,189.0,A
2018-06-04 21:32:15,180,145,101,188.0,A
2018-06-04 22:02:24,182,147,100,189.0,A
2018-06-04 22:32:34,183,148,99,188.0,A
2018-06-04 23:02:42,185,147,99,188.0,A
2018-06-04 23:32:52,183,147,101,188.0,A
2018-06-05 00:03:01,182,145,99,187.0,A
2018-06-05 00:33:10,181,144,101,188.0,A
2018-06-05 01:03:20,183,143,100,187.0,A
2018-06-05 01:33:29,178,144,98,187.0,A
2018-06-05 02:03:38,181,144,97,188.0,A
2018-06-05 02:33:48,182,144,98,188.0,A
2018-06-05 03:03:57,180,149,98,189.0,A
2018-06-05 03:34:06,182,145,97,188.0,A
2018-06-05 04:04:15,182,147,99,190.0,A
2018-06-05 04:34:24,186,143,99,187.0,A
2018-06-05 05:04:33,183,152,101,190.0,A
2018-06-05 05:34:42,182,145,101,189.0,A
2018-06-05 06:04:52,183,146,98,190.0,A
2018-06-05 06:35:01,181,144,101,189.0,A
2018-06-05 07:05:11,182,143,98,189.0,A
2018-06-05 07:35:21,180,145,104,177.0,A
2018-06-05 08:05:30,183,145,102,179.0,A
2018-06-05 08:35:40,181,149,100,186.0,A
2018-06-05 09:05:50,180,148,98,190.0,A
2018-06-05 09:35:59,181,148,102,190.0,A
2018-06-05 10:06:08,184,146,101,190.0,A
2018-06-05 10:36:18,182,151,101,190.0,A
2018-06-05 11:06:28,184,144,101,190.0,A
2018-06-05 11:36:38,183,146,100,191.0,A
2018-06-05 12:06:48,183,143,101,190.0,A
2018-06-05 12:36:57,185,148,103,190.0,A
2018-06-05 13:07:07,180,147,102,191.0,A
2018-06-05 13:37:16,184,143,103,191.0,A
2018-06-05 14:07:25,182,147,102,190.0,A
2018-06-05 14:37:34,183,150,97,189.0,A
2018-06-05 15:07:44,189,147,104,191.0,A
2018-06-05 15:37:52,185,143,102,189.0,A
2018-06-05 16:08:01,184,151,100,190.0,A
2018-06-05 16:38:10,179,142,102,179.0,A
2018-06-05 17:08:20,183,152,101,184.0,A
2018-06-05 17:38:29,185,153,102,186.0,A
2018-06-05 18:08:39,186,145,101,189.0,A
2018-06-05 18:38:48,185,150,101,190.0,A
2018-06-05 19:08:58,182,150,101,190.0,A
2018-06-05 19:39:07,185,148,102,190.0,A
2018-06-05 20:09:17,182,146,102,190.0,A
2018-06-05 20:39:26,185,147,101,189.0,A
2018-06-05 21:09:36,184,145,104,190.0,A
2018-06-05 21:39:45,183,149,102,190.0,A
2018-06-05 22:09:54,184,149,102,189.0,A
2018-06-05 22:40:02,184,151,103,191.0,A
2018-06-05 23:10:11,187,143,100,189.0,A
2018-06-05 23:40:20,184,148,102,188.0,A
2018-06-06 00:10:30,184,142,102,191.0,A
2018-06-06 00:40:40,184,143,101,190.0,A
2018-06-06 01:10:50,183,150,101,190.0,A
2018-06-06 01:40:59,184,148,103,190.0,A
2018-06-06 02:11:09,183,151,98,189.0,A
2018-06-06 02:41:18,183,149,99,191.0,A
2018-06-06 03:11:27,184,146,102,191.0,A
2018-06-06 03:41:37,184,145,103,192.0,A
2018-06-06 04:11:46,186,147,102,190.0,A
2018-06-06 04:41:55,182,146,100,191.0,A
2018-06-06 05:12:03,187,146,102,191.0,A
2018-06-06 05:42:13,185,148,105,192.0,A
2018-06-06 06:12:23,184,146,104,189.0,A
2018-06-06 06:42:32,185,149,103,192.0,A
2018-06-06 07:12:42,183,147,103,191.0,A
2018-06-06 07:42:51,184,148,99,192.0,A
2018-06-06 08:13:00,181,147,104,181.0,A
2018-06-06 08:43:09,184,150,99,193.0,A
2018-06-06 09:13:18,185,144,99,192.0,A
2018-06-06 09:43:27,184,150,99,193.0,A
2018-06-06 10:13:36,185,150,105,192.0,A
2018-06-06 10:43:45,185,148,105,192.0,A
2018-06-06 11:13:54,184,145,103,191.0,A
2018-06-06 11:44:04,185,146,105,193.0,A
2018-06-06 12:14:13,185,148,105,193.0,A
2018-06-06 12:44:22,183,146,104,192.0,A
2018-06-06 13:14:31,185,149,106,193.0,A
2018-06-06 13:44:40,187,149,106,193.0,A
2018-06-06 14:14:51,189,150,105,194.0,A
2018-06-06 14:45:01,185,146,105,194.0,A
2018-06-06 15:15:10,187,148,106,193.0,A
2018-06-06 15:45:19,186,147,106,192.0,A
2018-06-06 16:15:29,186,149,105,194.0,A
2018-06-06 16:45:39,188,148,106,194.0,A
2018-06-06 17:15:47,186,148,104,192.0,A
2018-06-06 17:45:57,184,149,107,195.0,A
2018-06-06 18:16:06,188,150,106,194.0,A
2018-06-06 18:46:16,188,147,106,193.0,A
2018-06-06 19:16:25,189,147,106,194.0,A
2018-06-06 19:46:34,185,147,107,195.0,A
2018-06-06 20:16:42,185,150,106,193.0,A
2018-06-06 20:46:52,186,148,106,196.0,A
2018-06-06 21:17:01,186,147,106,196.0,A
2018-06-06 21:47:13,185,150,101,194.0,A
2018-06-06 22:17:23,185,147,106,196.0,A
2018-06-06 22:47:33,190,146,104,196.0,A
2018-06-06 23:17:43,185,148,106,195.0,A
2018-06-06 23:47:52,185,152,107,196.0,A
2018-06-07 00:18:02,185,152,107,194.0,A
2018-06-07 00:48:11,189,146,106,195.0,A
2018-06-07 01:18:21,190,148,107,197.0,A
2018-06-07 01:48:30,187,146,107,196.0,A
2018-06-07 02:18:40,185,151,108,196.0,A
2018-06-07 02:48:49,188,150,108,197.0,A
2018-06-07 03:18:58,187,148,107,196.0,A
2018-06-07 03:49:08,186,147,108,197.0,A
2018-06-07 04:19:17,188,149,108,198.0,B
2018-06-07 04:49:26,189,150,107,196.0,B
2018-06-07 05:19:35,185,148,108,196.0,B
2018-06-07 05:49:45,189,152,107,198.0,B
2018-06-07 06:09:55,184,139,109,196.0,B
2018-06-07 06:41:22,185,153,108,198.0,B
2018-06-07 07:11:31,185,153,108,199.0,B
2018-06-07 07:41:40,185,152,109,197.0,B
2018-06-07 08:11:50,185,150,109,188.0,B
2018-06-07 08:41:59,187,154,108,199.0,B
2018-06-07 09:12:08,189,148,109,197.0,B
2018-06-07 09:42:17,187,145,109,197.0,B
2018-06-07 10:12:26,187,152,107,199.0,B
2018-06-07 10:42:35,187,149,109,196.0,B
2018-06-07 11:12:44,182,147,110,188.0,B
2018-06-07 11:42:53,185,148,108,194.0,B
2018-06-07 12:13:02,189,151,109,197.0,B
2018-06-07 12:43:10,188,152,108,199.0,B
2018-06-07 13:13:19,192,150,108,199.0,B
2018-06-07 13:43:28,188,150,109,200.0,B
2018-06-07 14:13:37,189,149,109,199.0,B
2018-06-07 14:43:47,189,147,109,199.0,B
2018-06-07 15:13:56,187,150,110,200.0,B
2018-06-07 15:44:06,186,149,106,200.0,B
2018-06-07 16:14:15,186,151,110,199.0,B
2018-06-07 16:44:23,191,154,110,199.0,B
2018-06-07 17:14:32,191,157,109,200.0,B
2018-06-07 17:44:41,194,154,110,201.0,B
2018-06-07 18:14:50,190,157,109,199.0,B
2018-06-07 18:44:59,188,147,110,199.0,B
2018-06-07 19:15:09,188,152,110,201.0,B
2018-06-07 19:45:18,188,153,109,201.0,B
2018-06-07 20:15:28,187,150,111,198.0,B
2018-06-07 20:45:37,187,148,111,200.0,B
2018-06-07 21:15:46,192,152,111,202.0,B
2018-06-07 21:45:56,190,152,109,201.0,B
2018-06-07 22:16:05,188,150,111,199.0,B
2018-06-07 22:46:15,188,148,111,201.0,B
2018-06-07 23:16:25,191,155,111,203.0,B
2018-06-07 23:46:33,188,153,111,203.0,B
2018-06-08 00:16:43,192,152,109,200.0,B
2018-06-08 00:46:51,192,149,111,200.0,B
2018-06-08 01:17:00,190,152,112,202.0,B
2018-06-08 01:47:09,189,153,111,203.0,B
2018-06-08 02:17:18,191,151,111,200.0,B
2018-06-08 02:47:27,190,150,112,201.0,B
2018-06-08 03:17:36,190,150,112,203.0,B
2018-06-08 03:47:46,189,155,112,204.0,B
2018-06-08 04:17:55,189,153,112,200.0,B
2018-06-08 04:48:05,192,154,108,202.0,B
2018-06-08 05:18:14,190,151,112,204.0,B
2018-06-08 05:48:23,192,152,111,204.0,B
2018-06-08 06:18:32,193,150,110,201.0,B
2018-06-08 06:48:42,189,151,112,202.0,B
2018-06-08 07:18:51,194,154,113,206.0,B
2018-06-10 18:22:54,175,129,102,183.0,A
2018-06-10 18:53:05,177,129,102,183.0,A
2018-06-10 19:23:14,172,133,106,175.0,A
2018-06-10 19:53:24,170,134,106,175.0,A
2018-06-10 20:23:34,166,134,106,175.0,A
2018-06-10 20:53:43,166,135,106,176.0,A
2018-06-10 21:23:52,172,133,108,175.0,A
2018-06-10 21:54:01,171,134,107,175.0,A
2018-06-10 22:24:10,163,134,107,176.0,A
2018-06-10 22:54:19,164,135,108,175.0,A
2018-06-10 23:24:28,167,135,108,175.0,A
2018-06-10 23:54:38,169,134,108,176.0,A
2018-06-11 00:24:46,166,133,108,176.0,A
2018-06-11 00:54:56,166,134,107,176.0,A
2018-06-11 01:25:06,167,132,107,176.0,A
2018-06-11 01:55:16,164,134,107,176.0,A
2018-06-11 02:25:25,168,135,108,175.0,A
2018-06-11 02:55:35,167,135,101,175.0,A
2018-06-11 03:25:44,165,135,107,175.0,A
2018-06-11 03:55:55,169,134,106,175.0,A
2018-06-11 04:26:04,166,133,108,176.0,A
2018-06-11 04:56:12,166,134,106,175.0,A
2018-06-11 05:26:21,164,134,107,175.0,A
2018-06-11 05:56:30,166,134,108,176.0,A
2018-06-11 06:26:39,165,134,107,176.0,A
2018-06-11 06:56:48,167,133,108,176.0,A
2018-06-11 07:26:58,165,133,107,175.0,A
2018-06-11 07:57:08,164,135,108,176.0,A
2018-06-11 08:27:17,171,136,107,176.0,A
2018-06-11 08:57:25,166,135,107,176.0,A
2018-06-11 09:27:35,167,135,107,176.0,A
2018-06-11 09:57:45,171,134,104,188.0,A
2018-06-11 10:27:54,168,134,106,176.0,A
2018-06-11 10:58:04,168,133,106,176.0,A
2018-06-11 11:28:13,166,135,105,176.0,A
2018-06-11 11:58:23,171,135,106,176.0,A
2018-06-11 12:28:32,169,134,98,176.0,A
2018-06-11 12:58:42,166,134,108,176.0,A
2018-06-11 13:28:52,170,134,104,176.0,A
2018-06-11 13:59:01,172,136,105,176.0,A
2018-06-11 14:29:11,175,134,106,188.0,A
2018-06-11 14:59:22,167,136,107,176.0,A
2018-06-11 15:29:31,167,132,108,177.0,A
2018-06-11 15:59:40,167,135,102,177.0,A
2018-06-11 16:29:50,170,135,104,177.0,A
2018-06-11 16:59:59,173,134,104,177.0,A
2018-06-11 17:30:09,170,135,109,177.0,A
2018-06-11 18:00:18,168,134,107,177.0,A
2018-06-11 18:30:28,169,136,105,177.0,A
2018-06-11 19:00:37,170,135,107,177.0,A
2018-06-11 19:30:46,165,136,106,177.0,A
2018-06-11 20:00:55,166,136,106,177.0,A
2018-06-11 20:31:04,166,134,106,178.0,A
2018-06-11 21:01:14,172,133,108,178.0,A
2018-06-11 21:31:24,167,135,106,177.0,A
2018-06-11 22:01:33,166,133,104,178.0,A
2018-06-11 22:31:42,165,135,106,178.0,A
2018-06-11 23:01:51,167,135,104,178.0,A
2018-06-11 23:32:00,166,135,109,178.0,A
2018-06-12 00:02:10,169,136,108,178.0,A
2018-06-12 00:32:18,169,137,109,178.0,A
2018-06-12 01:02:27,170,135,107,178.0,A
2018-06-12 01:32:36,170,136,107,178.0,A
2018-06-12 02:02:45,163,136,107,179.0,A
2018-06-12 02:32:54,167,137,109,178.0,A
2018-06-12 03:03:03,165,135,104,179.0,A
2018-06-12 03:33:12,169,135,106,179.0,A
2018-06-12 04:03:22,166,137,107,179.0,A
2018-06-12 04:33:31,165,135,105,179.0,A
2018-06-12 05:03:41,165,136,108,179.0,A
2018-06-12 05:33:50,165,137,106,179.0,A
2018-06-12 06:04:00,166,137,107,179.0,A
2018-06-12 06:34:10,170,135,108,179.0,A
2018-06-12 07:04:20,166,138,107,179.0,A
2018-06-12 07:34:29,171,139,106,179.0,A
2018-06-12 08:04:38,169,137,108,179.0,A
2018-06-12 08:34:47,171,136,107,179.0,A
2018-06-12 09:04:56,166,137,109,180.0,A
2018-06-12 09:35:06,170,137,109,180.0,A
2018-06-12 10:05:15,166,135,109,180.0,A
2018-06-12 10:35:24,165,135,108,180.0,A
2018-06-12 11:05:34,167,135,109,180.0,A
2018-06-12 11:35:43,168,136,108,180.0,A
2018-06-12 12:05:53,168,136,108,180.0,A
2018-06-12 12:36:03,169,136,109,181.0,A
2018-06-12 13:06:12,166,135,108,180.0,A
2018-06-12 13:36:21,168,136,108,181.0,A
2018-06-12 14:06:31,167,137,108,181.0,A
2018-06-12 14:36:41,171,136,110,181.0,A
2018-06-12 15:06:49,171,136,108,182.0,A
2018-06-12 15:36:58,171,136,107,182.0,A
2018-06-12 16:07:07,171,138,110,182.0,A
2018-06-12 16:37:16,169,136,110,182.0,A
2018-06-12 17:07:25,166,137,107,182.0,A
2018-06-12 17:37:35,167,136,110,182.0,A
2018-06-12 18:07:44,169,136,107,183.0,A
2018-06-12 18:37:53,176,134,107,195.0,A
2018-06-12 19:08:02,172,134,105,195.0,A
2018-06-12 19:38:12,171,136,108,183.0,A
2018-06-12 20:08:21,170,134,108,183.0,A
2018-06-12 20:38:31,170,137,106,183.0,A
2018-06-12 21:08:40,174,136,109,184.0,A
2018-06-12 21:38:50,174,136,109,184.0,A
2018-06-12 22:08:59,171,137,104,184.0,A
2018-06-12 22:39:08,172,136,108,185.0,A
2018-06-12 23:09:17,170,135,109,184.0,A
2018-06-12 23:39:25,171,138,101,185.0,A
2018-06-13 00:09:35,168,135,109,185.0,A
2018-06-13 00:39:44,170,136,108,185.0,A
2018-06-13 01:09:53,170,137,107,185.0,A
2018-06-13 01:40:02,168,137,109,185.0,A
2018-06-13 02:10:13,169,135,108,185.0,A
2018-06-13 02:40:22,171,135,106,186.0,A
2018-06-13 03:10:31,172,136,110,186.0,A
2018-06-13 03:40:41,172,136,109,186.0,A
2018-06-13 04:10:50,171,135,108,186.0,A
2018-06-13 04:40:59,168,135,109,186.0,A
2018-06-13 05:11:09,171,137,109,186.0,A
2018-06-13 05:41:18,174,137,110,186.0,A
2018-06-13 06:11:28,172,136,109,187.0,A
2018-06-13 06:41:38,171,136,109,187.0,A
2018-06-13 07:11:47,171,138,109,187.0,A
2018-06-13 07:41:56,171,136,110,187.0,A
2018-06-13 08:12:05,174,135,108,197.0,A
2018-06-13 08:42:14,169,136,109,188.0,A
2018-06-13 09:12:24,171,136,109,188.0,A
2018-06-13 09:42:34,169,136,110,188.0,A
2018-06-13 10:12:43,173,137,108,189.0,A
2018-06-13 10:42:53,172,136,109,189.0,A
2018-06-13 11:13:03,173,136,110,189.0,A
2018-06-13 11:43:12,173,136,109,190.0,A
2018-06-13 12:13:22,175,136,110,190.0,A
2018-06-13 12:43:31,173,136,110,191.0,A
2018-06-13 13:13:41,173,136,110,191.0,A
2018-06-13 13:43:49,174,137,110,191.0,A
2018-06-13 14:13:59,171,137,110,191.0,A
2018-06-13 14:44:08,178,137,106,191.0,A
2018-06-13 15:14:18,175,135,110,191.0,A
2018-06-13 15:44:27,171,136,111,191.0,A
2018-06-13 16:14:36,174,136,111,192.0,A
2018-06-13 16:44:45,174,135,107,190.0,B
2018-06-13 17:14:56,177,136,109,190.0,B
2018-06-13 17:45:04,179,136,109,193.0,B
2018-06-13 18:15:13,180,135,109,193.0,B
2018-06-13 18:45:22,180,136,109,194.0,B
2018-06-13 19:15:31,180,134,109,194.0,B
2018-06-13 19:45:41,178,135,110,194.0,B
2018-06-13 20:15:50,178,134,109,195.0,B
2018-06-13 20:46:00,181,137,109,195.0,B
2018-06-13 21:16:09,182,135,109,195.0,B
2018-06-13 21:46:19,187,135,110,196.0,B
2018-06-13 22:16:28,179,137,110,196.0,B
2018-06-13 22:46:37,180,136,110,196.0,B
2018-06-13 23:16:46,185,136,108,197.0,B
2018-06-13 23:46:55,183,137,110,197.0,B
2018-06-14 00:17:04,182,137,111,197.0,B
2018-06-14 00:47:14,180,136,110,198.0,B
2018-06-14 01:17:23,182,137,110,198.0,B
2018-06-14 01:47:32,178,136,110,198.0,B
2018-06-14 02:17:43,183,136,111,198.0,B
2018-06-14 02:47:53,184,135,110,199.0,B
2018-06-14 03:18:02,178,136,111,199.0,B
2018-06-14 03:48:11,184,137,109,199.0,B
2018-06-14 04:18:21,182,135,111,199.0,B
2018-06-14 04:48:31,183,135,110,200.0,B
2018-06-14 05:18:41,183,135,110,200.0,B
2018-06-14 05:48:51,185,136,111,200.0,B
2018-06-14 06:19:00,180,135,110,200.0,B
2018-06-14 06:49:10,187,135,111,201.0,B
2018-06-14 07:19:20,183,134,111,201.0,B
2018-06-14 07:49:29,187,135,112,202.0,B
2018-06-14 08:19:39,186,136,112,202.0,B
2018-06-14 08:49:49,186,136,112,202.0,B
2018-06-14 09:19:58,183,136,112,203.0,B
2018-06-14 09:50:07,180,137,112,203.0,B
2018-06-14 10:20:15,179,135,113,197.0,B
2018-06-14 10:50:25,188,135,112,201.0,B
2018-06-14 11:20:34,186,137,112,204.0,B
2018-06-14 11:50:43,189,135,111,204.0,B
2018-06-14 12:20:53,180,135,114,205.0,B
2018-06-14 12:51:03,188,136,113,205.0,B
2018-06-14 13:21:12,180,138,113,205.0,B
2018-06-14 13:51:22,180,137,112,205.0,B
2018-06-14 14:21:31,188,135,113,205.0,B
2018-06-14 14:51:40,180,135,113,205.0,B
2018-06-14 15:21:49,180,136,113,205.0,B
2018-06-14 15:51:58,182,136,113,205.0,B
2018-06-14 16:22:07,182,140,112,199.0,B
2018-06-14 16:52:16,186,137,114,204.0,B
2018-06-14 17:22:25,183,136,113,205.0,B
2018-06-14 17:52:34,187,136,114,207.0,B
2018-06-14 18:22:44,188,137,114,207.0,B
2018-06-14 18:52:53,187,136,114,207.0,B
2018-06-14 19:23:02,191,135,114,208.0,B
2018-06-14 19:53:12,183,138,114,208.0,B
2018-06-14 20:23:22,183,137,114,208.0,B
2018-06-14 20:53:31,182,136,115,208.0,B
2018-06-14 21:23:41,185,135,115,209.0,B
2018-06-14 21:53:50,185,137,114,209.0,B
2018-06-14 22:24:00,188,139,113,209.0,B
2018-06-14 22:54:09,186,138,115,208.0,B
2018-06-14 23:24:18,195,137,115,208.0,B
2018-06-14 23:54:28,183,136,115,210.0,B
2018-06-15 00:24:36,185,137,115,210.0,B
2018-06-15 00:54:46,182,137,115,210.0,B
2018-06-15 01:24:56,194,139,115,210.0,B
2018-06-15 01:55:04,182,137,115,210.0,B
2018-06-15 02:25:13,188,138,114,211.0,B
2018-06-15 02:55:23,183,137,116,211.0,B
2018-06-15 03:25:33,184,136,115,211.0,B
2018-06-15 03:55:41,182,137,116,210.0,B
2018-06-15 04:25:51,182,136,116,211.0,B
2018-06-15 04:55:59,187,135,115,210.0,B
2018-06-15 05:26:09,182,138,116,211.0,B
2018-06-15 05:56:18,182,135,117,212.0,B
2018-06-15 06:26:28,181,137,116,212.0,B
2018-06-15 06:56:37,192,137,116,211.0,B
2018-06-24 18:24:33,160,130,108,162.0,A
2018-06-24 18:54:42,165,130,106,162.0,A
2018-06-24 19:24:51,163,132,107,153.0,A
2018-06-24 19:55:00,159,133,109,152.0,A
2018-06-24 20:25:08,161,131,108,158.0,A
2018-06-24 20:55:17,165,134,105,152.0,A
2018-06-24 21:25:26,166,131,108,152.0,A
2018-06-24 21:55:36,162,130,107,152.0,A
2018-06-24 22:25:45,167,130,108,152.0,A
2018-06-24 22:55:54,162,133,107,151.0,A
2018-06-24 23:26:03,165,130,107,151.0,A
2018-06-24 23:56:12,162,131,106,151.0,A
2018-06-25 00:26:22,164,131,108,151.0,A
2018-06-25 00:56:30,162,130,108,151.0,A
2018-06-25 01:26:39,163,133,107,151.0,A
2018-06-25 01:56:49,164,132,108,151.0,A
2018-06-25 02:26:58,163,131,108,151.0,A
2018-06-25 02:57:07,162,131,107,151.0,A
2018-06-25 03:27:17,168,133,109,151.0,A
2018-06-25 03:57:26,163,131,108,151.0,A
2018-06-25 04:27:35,160,132,107,151.0,A
2018-06-25 04:57:45,162,131,108,151.0,A
2018-06-25 05:27:54,162,130,108,151.0,A
2018-06-25 05:58:04,162,132,107,151.0,A
2018-06-25 06:28:14,162,133,106,151.0,A
2018-06-25 06:58:23,162,130,107,151.0,A
2018-06-25 07:28:33,162,131,108,151.0,A
2018-06-25 07:58:43,164,131,109,151.0,A
2018-06-25 08:28:52,163,131,107,151.0,A
2018-06-25 08:59:01,165,130,105,151.0,A
2018-06-25 09:29:10,165,131,107,151.0,A
2018-06-25 09:59:19,164,132,107,151.0,A
2018-06-25 10:29:28,161,132,108,151.0,A
2018-06-25 10:59:38,161,132,107,151.0,A
2018-06-25 11:29:47,165,130,106,162.0,A
2018-06-25 11:59:56,163,130,105,150.0,A
2018-06-25 12:30:05,161,132,109,151.0,A
2018-06-25 13:00:14,165,131,106,151.0,A
2018-06-25 13:30:23,161,132,108,151.0,A
2018-06-25 14:00:33,162,133,108,151.0,A
2018-06-25 14:30:42,167,132,109,151.0,A
2018-06-25 15:00:51,163,132,109,152.0,A
2018-06-25 15:31:00,166,133,109,152.0,A
2018-06-25 16:01:09,161,134,109,151.0,A
2018-06-25 16:31:19,164,132,109,152.0,A
2018-06-25 17:01:27,160,132,109,151.0,A
2018-06-25 17:31:37,164,131,108,152.0,A
2018-06-25 18:01:47,164,132,107,162.0,A
2018-06-25 18:31:56,165,136,108,151.0,A
2018-06-25 19:02:06,164,133,110,152.0,A
2018-06-25 19:32:15,162,132,108,152.0,A
2018-06-25 20:02:25,164,132,106,152.0,A
2018-06-25 20:32:33,163,132,108,152.0,A
2018-06-25 21:02:43,162,135,108,152.0,A
2018-06-25 21:32:52,161,135,109,152.0,A
2018-06-25 22:03:02,161,131,109,153.0,A
2018-06-25 22:33:11,162,132,108,152.0,A
2018-06-25 23:03:22,166,132,109,152.0,A
2018-06-25 23:33:31,165,133,109,152.0,A
2018-06-26 00:03:40,162,132,109,152.0,A
2018-06-26 00:33:50,163,132,109,152.0,A
2018-06-26 01:04:00,161,134,110,152.0,A
2018-06-26 01:34:09,163,134,109,152.0,A
2018-06-26 02:04:19,163,132,109,152.0,A
2018-06-26 02:34:28,162,132,109,152.0,A
2018-06-26 03:04:38,161,133,111,152.0,A
2018-06-26 03:34:48,163,131,109,152.0,A
2018-06-26 04:04:57,163,132,110,152.0,A
2018-06-26 04:35:06,164,133,110,152.0,A
2018-06-26 05:05:15,170,135,110,152.0,A
2018-06-26 05:35:25,165,132,107,153.0,A
2018-06-26 06:05:35,161,133,107,152.0,A
2018-06-26 06:35:44,165,134,108,152.0,A
2018-06-26 07:05:54,165,133,108,153.0,A
2018-06-26 07:36:04,163,133,106,153.0,A
2018-06-26 08:06:13,162,132,109,153.0,A
2018-06-26 08:36:23,163,132,110,153.0,A
2018-06-26 09:06:32,166,134,108,153.0,A
2018-06-26 09:36:43,165,132,110,153.0,A
2018-06-26 10:06:52,162,131,110,153.0,A
2018-06-26 10:37:02,165,133,110,153.0,A
2018-06-26 11:07:11,163,132,108,154.0,A
2018-06-26 11:37:21,162,133,107,153.0,A
2018-06-26 12:07:30,165,133,110,154.0,A
2018-06-26 12:37:40,162,132,109,154.0,A
2018-06-26 13:07:49,162,132,106,154.0,A
2018-06-26 13:37:58,164,132,110,154.0,A
2018-06-26 14:08:07,163,131,109,154.0,A
2018-06-26 14:38:17,161,133,110,154.0,A
2018-06-26 15:08:26,165,131,110,154.0,A
2018-06-26 15:38:35,162,133,109,154.0,A
2018-06-26 16:08:45,166,132,108,165.0,A
2018-06-26 16:38:55,165,133,108,154.0,A
2018-06-26 17:09:05,163,131,107,154.0,A
2018-06-26 17:39:14,167,132,108,155.0,A
2018-06-26 18:09:24,164,133,104,154.0,A
2018-06-26 18:39:32,168,133,108,165.0,A
2018-06-26 19:09:42,165,134,109,154.0,A
2018-06-26 19:39:51,165,133,110,155.0,A
2018-06-26 20:10:00,165,131,111,155.0,A
2018-06-26 20:40:09,167,133,110,155.0,A
2018-06-26 21:10:18,170,132,107,155.0,A
2018-06-26 21:40:28,165,134,111,155.0,A
2018-06-26 22:10:38,165,138,107,155.0,A
2018-06-26 22:40:47,164,133,109,155.0,A
2018-06-26 23:10:57,167,132,109,155.0,A
2018-06-26 23:41:07,167,133,110,155.0,A
2018-06-27 00:11:16,167,132,111,155.0,A
2018-06-27 00:41:25,165,133,107,155.0,A
2018-06-27 01:11:34,166,133,109,156.0,A
2018-06-27 01:41:43,167,134,110,156.0,A
2018-06-27 02:11:52,164,134,110,156.0,A
2018-06-27 02:42:00,168,132,110,156.0,A
2018-06-27 03:12:09,165,134,110,156.0,A
2018-06-27 03:42:19,164,134,110,156.0,A
2018-06-27 04:12:29,169,132,110,156.0,A
2018-06-27 04:42:38,166,133,109,156.0,A
2018-06-27 05:12:48,167,132,111,156.0,A
2018-06-27 05:42:57,167,133,108,156.0,A
2018-06-27 06:13:06,166,133,109,156.0,A
2018-06-27 06:43:16,167,132,109,156.0,A
2018-06-27 07:13:25,171,132,109,157.0,A
2018-06-27 07:43:34,165,132,109,157.0,A
2018-06-27 08:13:44,167,133,108,157.0,A
2018-06-27 08:43:54,166,133,109,156.0,A
2018-06-27 09:14:03,166,132,110,157.0,A
2018-06-27 09:44:13,165,132,110,157.0,A
2018-06-27 10:14:23,166,133,111,157.0,A
2018-06-27 10:44:33,168,133,111,157.0,A
2018-06-27 11:14:42,168,131,109,158.0,A
2018-06-27 11:44:51,170,131,107,158.0,A
2018-06-27 12:15:00,168,131,109,158.0,A
2018-06-27 12:45:10,167,131,109,158.0,A
2018-06-27 13:15:20,169,134,110,158.0,A
2018-06-27 13:45:30,166,133,110,158.0,A
2018-06-27 14:15:39,165,132,107,159.0,A
2018-06-27 14:45:48,167,133,109,159.0,A
2018-06-27 15:15:57,167,132,109,159.0,A
2018-06-27 15:46:05,168,132,110,159.0,A
2018-06-27 16:16:14,168,132,110,159.0,A
2018-06-27 16:46:24,169,131,110,170.0,A
2018-06-27 17:16:33,174,132,108,159.0,A
2018-06-27 17:46:42,167,133,110,159.0,A
2018-06-27 18:16:51,169,133,112,160.0,A
2018-06-27 18:47:00,167,134,112,160.0,A
2018-06-27 19:17:10,167,133,111,160.0,A
2018-06-27 19:47:21,169,133,111,161.0,A
2018-06-27 20:17:31,167,133,110,161.0,A
2018-06-27 20:47:40,166,132,111,161.0,A
2018-06-27 21:17:49,167,132,112,161.0,A
2018-06-27 21:47:59,171,135,110,161.0,A
2018-06-27 22:18:08,166,131,110,161.0,A
2018-06-27 22:48:17,168,133,111,161.0,A
2018-06-27 23:18:26,169,133,111,161.0,A
2018-06-27 23:48:35,169,133,110,162.0,A
2018-06-28 00:18:44,170,133,111,162.0,A
2018-06-28 00:48:53,168,134,111,162.0,A
2018-06-28 01:19:03,168,134,111,162.0,A
2018-06-28 01:49:12,170,132,110,163.0,A
2018-06-28 02:19:21,169,132,112,163.0,A
2018-06-28 02:49:30,168,133,111,163.0,A
2018-06-28 03:19:40,169,133,112,163.0,A
2018-06-28 03:49:50,167,135,109,163.0,A
2018-06-28 04:20:00,168,134,111,163.0,A
2018-06-28 04:50:09,167,135,112,164.0,A
2018-06-28 05:20:18,169,134,112,164.0,A
2018-06-28 05:50:28,169,133,113,164.0,A
2018-06-28 06:20:38,170,135,112,164.0,A
2018-06-28 06:50:47,167,133,113,164.0,A
2018-06-28 07:20:57,168,133,112,165.0,A
2018-06-28 07:51:07,168,135,111,163.0,A
2018-06-28 08:21:16,167,133,111,165.0,A
2018-06-28 08:51:26,166,133,111,165.0,A
2018-06-28 09:21:36,168,132,111,165.0,A
2018-06-28 09:51:47,168,133,110,166.0,A
2018-06-28 10:21:58,174,133,113,166.0,A
2018-06-28 10:52:07,170,133,113,166.0,A
2018-06-28 11:22:17,169,132,111,167.0,A
2018-06-28 11:52:27,169,136,111,167.0,A
2018-06-28 12:22:36,170,132,109,167.0,A
2018-06-28 12:52:46,170,134,112,167.0,A
2018-06-28 13:22:55,170,134,110,168.0,A
2018-06-28 13:53:04,172,132,112,168.0,A
2018-06-28 14:23:13,168,134,114,168.0,A
2018-06-28 14:53:23,169,133,113,169.0,A
2018-06-28 15:23:32,168,134,113,169.0,A
2018-06-28 15:53:41,169,132,112,169.0,A
2018-06-28 16:23:51,172,135,112,170.0,A
2018-06-28 16:54:00,167,133,113,170.0,B
2018-06-28 17:24:11,172,133,115,171.0,B
2018-06-28 17:54:21,172,136,113,171.0,B
2018-06-28 18:24:30,169,133,112,171.0,B
2018-06-28 18:54:40,168,132,115,171.0,B
2018-06-28 19:24:50,173,134,115,172.0,B
2018-06-28 19:54:59,173,135,112,172.0,B
2018-06-28 20:25:09,169,138,114,173.0,B
2018-06-28 20:55:19,172,135,113,173.0,B
2018-06-28 21:25:29,167,134,114,173.0,B
2018-06-28 21:55:38,172,135,113,173.0,B
2018-06-28 22:25:48,169,136,113,174.0,B
2018-06-28 22:55:57,170,136,115,174.0,B
2018-06-28 23:26:06,170,134,114,175.0,B
2018-06-28 23:56:16,175,138,115,175.0,B
2018-06-29 00:26:24,171,137,113,174.0,B
2018-06-29 00:56:33,169,134,113,175.0,B
2018-06-29 01:26:43,171,135,114,175.0,B
2018-06-29 01:56:52,171,133,113,175.0,B
2018-06-29 02:27:01,171,134,115,176.0,B
2018-06-29 02:57:12,172,138,114,176.0,B
2018-06-29 03:27:21,175,134,113,176.0,B
2018-06-29 03:57:31,172,135,112,176.0,B
2018-06-29 04:27:41,172,134,115,177.0,B
2018-06-29 04:57:51,170,134,116,177.0,B
2018-06-29 05:28:01,171,135,114,177.0,B
2018-06-29 05:58:10,170,135,116,177.0,B
2018-06-29 06:28:20,174,136,114,177.0,B
2018-06-29 06:58:29,174,137,115,178.0,B
2018-07-08 17:54:26,161,141,107,126.0,A
2018-07-08 18:24:36,161,142,107,123.0,A
2018-07-08 18:54:46,162,140,109,124.0,A
2018-07-08 19:24:55,160,140,108,125.0,A
2018-07-08 19:55:05,160,140,109,125.0,A
2018-07-08 20:25:14,160,141,107,126.0,A
2018-07-08 20:55:23,161,141,109,126.0,A
2018-07-08 21:25:32,163,144,108,125.0,A
2018-07-08 21:55:41,160,139,109,125.0,A
2018-07-08 22:25:51,161,140,109,125.0,A
2018-07-08 22:56:01,162,139,107,126.0,A
2018-07-08 23:26:10,162,140,107,125.0,A
2018-07-08 23:56:19,163,140,109,125.0,A
2018-07-09 00:26:29,161,141,107,125.0,A
2018-07-09 00:56:39,162,141,109,125.0,A
2018-07-09 01:26:49,161,140,108,125.0,A
2018-07-09 01:56:58,160,140,109,125.0,A
2018-07-09 02:27:08,159,140,109,125.0,A
2018-07-09 02:57:17,162,142,106,125.0,A
2018-07-09 03:27:26,162,144,108,125.0,A
2018-07-09 03:57:35,162,140,109,125.0,A
2018-07-09 04:27:45,160,144,108,125.0,A
2018-07-09 04:57:54,164,141,109,125.0,A
2018-07-09 05:28:05,159,139,106,125.0,A
2018-07-09 05:58:15,164,141,107,125.0,A
2018-07-09 06:28:25,163,140,106,125.0,A
2018-07-09 06:58:36,164,140,108,124.0,A
2018-07-09 07:28:45,161,141,107,124.0,A
2018-07-09 07:58:55,161,141,108,125.0,A
2018-07-09 08:29:05,164,142,104,125.0,A
2018-07-09 08:59:14,162,142,108,125.0,A
2018-07-09 09:29:23,161,139,108,125.0,A
2018-07-09 09:59:33,161,144,107,125.0,A
2018-07-09 10:29:42,166,143,107,144.0,A
2018-07-09 10:59:52,164,141,106,144.0,A
2018-07-09 11:30:01,164,144,104,144.0,A
2018-07-09 12:00:11,165,139,103,144.0,A
2018-07-09 12:30:21,166,142,105,143.0,A
2018-07-09 13:00:31,162,145,108,125.0,A
2018-07-09 13:30:41,165,140,109,124.0,A
2018-07-09 14:00:50,162,141,108,125.0,A
2018-07-09 14:30:59,161,139,108,125.0,A
2018-07-09 15:01:09,162,139,106,125.0,A
2018-07-09 15:31:17,163,140,107,125.0,A
2018-07-09 16:01:26,165,144,108,125.0,A
2018-07-09 16:31:35,160,140,108,125.0,A
2018-07-09 17:01:45,166,139,107,125.0,A
2018-07-09 17:31:53,161,140,107,125.0,A
2018-07-09 18:02:02,165,140,108,125.0,A
2018-07-09 18:32:11,161,140,109,125.0,A
2018-07-09 19:02:20,161,141,107,125.0,A
2018-07-09 19:32:29,160,140,108,125.0,A
2018-07-09 20:02:38,161,141,108,125.0,A
2018-07-09 20:16:22,159,141,109,125.0,A
2018-07-09 20:46:32,162,140,107,126.0,A
2018-07-09 21:16:42,162,140,105,126.0,A
2018-07-09 21:46:53,162,145,109,125.0,A
2018-07-09 22:17:02,164,143,107,126.0,A
2018-07-09 22:47:11,160,138,109,126.0,A
2018-07-09 23:17:21,162,141,108,126.0,A
2018-07-09 23:47:30,159,139,108,126.0,A
2018-07-10 00:17:39,165,140,108,126.0,A
2018-07-10 00:47:48,160,142,108,126.0,A
2018-07-10 01:17:57,161,139,106,126.0,A
2018-07-10 01:48:07,164,142,106,126.0,A
2018-07-10 02:18:16,161,139,109,126.0,A
2018-07-10 02:48:25,163,141,105,126.0,A
2018-07-10 03:18:35,160,141,107,126.0,A
2018-07-10 03:48:44,163,142,107,126.0,A
2018-07-10 04:18:54,161,143,110,126.0,A
2018-07-10 04:49:03,163,143,108,126.0,A
2018-07-10 05:19:13,161,141,108,126.0,A
2018-07-10 05:49:23,163,141,109,126.0,A
2018-07-10 06:19:33,161,141,110,126.0,A
2018-07-10 06:49:42,161,145,109,126.0,A
2018-07-10 07:19:52,161,139,109,126.0,A
2018-07-10 07:50:01,161,142,109,126.0,A
2018-07-10 08:20:11,160,139,109,127.0,A
2018-07-10 08:50:20,160,141,108,127.0,A
2018-07-10 09:20:30,162,140,107,127.0,A
2018-07-10 09:50:39,162,140,106,127.0,A
2018-07-10 10:20:48,164,142,109,137.0,A
2018-07-10 10:50:57,162,140,107,127.0,A
2018-07-10 11:21:05,160,141,109,127.0,A
2018-07-10 11:51:14,165,142,107,146.0,A
